Episode,Env,Steps,Total Reward,Damaged Wheel,Fault Alpha,Success
1,0,1999,-199.99999999999292,0,0.1,0
2,0,1999,-199.99999999999292,0,0.3,0
3,0,1999,-199.99999999999292,3,0.5,0
4,0,1999,-199.99999999999292,1,0.2,0
5,0,1999,-199.99999999999292,4,0.0,0
