Episode,Env,Steps,Total Reward,Damaged Wheel,Fault Alpha,Success
1,0,1999,-199.99999999999292,2,0.4,0
2,0,1999,-199.99999999999292,4,0.4,0
3,0,1999,-199.99999999999292,4,0.4,0
4,0,1999,-199.99999999999292,5,0.2,0
5,0,1999,-199.99999999999292,3,0.3,0
6,0,1999,-199.99999999999292,2,0.1,0
7,0,1999,-199.99999999999292,0,0.0,0
