{"_wandb":{"runtime":197},"train/replay_buffer_size":292457,"train/critic1_loss":77.03016662597656,"train/epsilon":0.9503421534340427,"episode/discounted_reward":-3086.5061737397223,"episode/total_reward":-5656.649100211735,"_runtime":197.536861114,"episode/expected_q":-209.66415405273438,"episode/steps":469,"_timestamp":1.7784973415023124e+09,"train/critic2_loss":63.80360412597656,"_step":290339,"train/actor_loss":203.97775268554688}