{"train/critic1_loss":76.0167236328125,"_wandb":{"runtime":1},"_timestamp":1.7784969367733548e+09,"train/epsilon":0.9895842582092834,"train/replay_buffer_size":4009,"_step":2014,"train/critic2_loss":76.54415130615234,"_runtime":1.83560525,"train/actor_loss":18.431833267211914}